time/episodes,time/time_elapsed,time/total_timesteps,time/fps,rollout/ep_len_mean,rollout/ep_rew_mean,train/n_updates,train/actor_loss,train/learning_rate,train/ent_coef,train/ent_coef_loss,train/critic_loss
4,0,138,437,34.5,72.82968025,,,,,,
8,0,273,456,34.125,61.71008025,,,,,,
12,0,416,459,34.666666666666664,61.56840758333334,,,,,,
16,1,562,467,35.125,60.30330543749999,,,,,,
20,1,705,473,35.25,59.113455849999994,,,,,,
24,1,849,470,35.375,59.65521833333333,,,,,,
28,2,995,468,35.535714285714285,58.60752332142857,,,,,,
32,4,1144,233,35.75,57.4951035,108,-143.64130682694284,0.0009926466666666668,0.9163975637210043,-11.147220460992111,541.156364842465
36,8,1281,154,35.583333333333336,59.537740583333324,253,-261.17471771240236,0.00099168,0.8011610865592956,-24.986177110671996,516.0630836486816
40,11,1434,120,35.85,66.26027365,401,-400.80362094976965,0.0009906933333333333,0.7040365552290891,-34.71055744855832,416.6803138928536
44,15,1581,102,35.93181818181818,68.14012536363636,543,-507.3259959501379,0.0009897466666666666,0.6216995488194859,-46.47470036674948,155.54393364401426
48,19,1739,88,36.229166666666664,65.29713810416666,707,-583.4494504061612,0.0009886533333333333,0.5397937175902453,-59.697253313931554,148.16636900468305
52,23,1906,81,36.65384615384615,61.20136296153846,869,-643.4195614769345,0.0009875733333333334,0.46797093961920055,-66.64536521548317,98.03106680370513
56,27,2066,75,36.892857142857146,60.71962789285715,1031,-682.3147769504124,0.0009864933333333333,0.40863681667380863,-71.20405048794217,113.29978868696425
60,30,2218,72,36.96666666666667,61.99996900000001,1186,-706.2571796618009,0.00098546,0.3614330323118913,-78.44663519608348,106.17206593563682
64,34,2393,68,37.390625,67.84392140624999,1356,-716.7969818115234,0.0009843266666666667,0.3177495409141887,-78.34836248918013,100.0562704259699
68,38,2529,66,37.19117647058823,66.26661261764706,1501,-716.6538879394532,0.00098336,0.28401728669802345,-81.38062082926432,274.075363667806
72,41,2688,64,37.333333333333336,66.68816361111111,1651,-705.8165283203125,0.00098236,0.2558022003348281,-85.6789779663086,119.45947079542206
76,45,2850,62,37.5,65.5118704868421,1814,-688.7610626220703,0.0009812733333333333,0.2272527240216732,-86.50663909912109,78.92683486938476
80,50,3005,59,37.5625,64.754806125,1972,-655.119548034668,0.00098022,0.20282878391444684,-85.20302867889404,67.30786371231079
84,54,3154,57,37.54761904761905,64.68403882142857,2126,-634.9999389648438,0.0009791933333333333,0.1835253627276888,-81.0810635136623,83.06409387027516
88,58,3286,56,37.34090909090909,65.87478098863636,2261,-611.8490757533482,0.0009782933333333335,0.1670046031475067,-83.12522495814733,80.33586022513254
92,62,3433,55,37.31521739130435,67.72271323913043,2399,-581.1140543619791,0.0009773733333333333,0.15256944629881117,-84.01862462361653,79.29366853502061
96,66,3596,54,37.458333333333336,70.2191711875,2557,-554.643505859375,0.00097632,0.138437020406127,-80.74005737304688,53.74863147735596
100,71,3764,52,37.64,71.06507774999999,2726,-519.2430768694196,0.0009751933333333333,0.1244814990177041,-78.76712072463263,54.077598935081845
104,76,3935,51,37.97,71.4671404,2895,-491.0356663295201,0.0009740666666666666,0.11248557305052168,-75.20586613246373,38.15850539434524
108,80,4089,51,38.16,72.70198070000001,3061,-466.1232263474237,0.00097296,0.10221113193602789,-75.20259421212333,31.917398861476354
112,84,4244,50,38.28,75.05442353000001,3210,-433.77640760267104,0.0009719666666666666,0.09395583537784782,-65.67409175151103,34.09605283994932
116,88,4404,49,38.42,75.03845317999999,3376,-409.80422450474333,0.00097086,0.08575543207781655,-68.46122610909599,26.08659918648856
120,92,4555,49,38.5,79.79219262000001,3525,-388.91887383711963,0.0009698666666666666,0.07914644381717632,-59.72692851016396,31.627829300729854
124,96,4707,48,38.58,83.96444157999998,3677,-374.47045815957557,0.0009688533333333334,0.07370551031183552,-53.99048593881968,22.148863019169987
128,101,4885,48,38.9,86.79458590999998,3841,-349.38391357421875,0.00096776,0.06880852535367012,-46.143412857055665,20.888179073333742
132,107,5086,47,39.42,90.80418909999997,4038,-336.70765841737085,0.0009664466666666667,0.06414318647311658,-33.771079199654714,17.662186739396077
136,112,5251,46,39.7,93.68997644999999,4223,-319.25587310791013,0.0009652133333333334,0.060922827944159506,-24.15217978954315,17.03586118221283
140,115,5368,46,39.34,91.71652831000003,4339,-309.27684981734666,0.00096444,0.0587216018250695,-24.105789679068106,58.464009602864586
144,120,5541,46,39.6,95.66646921999998,4500,-296.46354912651907,0.0009633666666666668,0.056114566408925586,-31.925175603230795,26.50883348253038
148,125,5728,45,39.89,103.4254344,4688,-281.90505271734196,0.0009621133333333334,0.05254952063740686,-31.45635689136594,13.681646125261175
152,130,5902,45,39.96,109.38361153,4861,-273.40780448913574,0.0009609600000000001,0.049296187981963155,-25.224302983283998,11.789751768112183
156,134,6066,45,40.0,110.58307101999999,5032,-262.09286374461897,0.00095982,0.046831258629657785,-21.039913518088206,13.728803926584671
160,139,6243,44,40.25,113.16696451000001,5203,-249.2610735685929,0.00095868,0.04457058344522248,-19.99594331111597,12.155299228170644
164,144,6409,44,40.16,110.15082066999999,5376,-241.4986516440787,0.0009575266666666666,0.042973260781387,-9.638480753433413,9.723656293822497
168,148,6565,44,40.36,111.91586479000001,5531,-230.47329751039163,0.0009564933333333334,0.04175750729747307,-15.333910416334103,10.780765240009014
172,152,6725,44,40.37,114.78560628999999,5685,-222.18953333145532,0.0009554666666666667,0.03988597121758339,-16.710241134350117,10.029527810903696
176,158,6906,43,40.56,120.93803194000002,5872,-216.37118530273438,0.00095422,0.03839217722415924,-0.4222422242164612,10.676464414596557
180,162,7075,43,40.7,125.2179451,6036,-205.82118911743163,0.0009531266666666667,0.03831568025052547,-5.912335436046123,22.905927467346192
184,167,7251,43,40.97,130.37340622,6211,-201.08683634913245,0.0009519600000000001,0.037736372285804086,-7.133895607881768,12.71834014182867
188,172,7447,43,41.61,135.27637759,6400,-195.89868818010603,0.0009507,0.036745792444871396,-6.995962702498144,9.69183094647466
192,178,7657,42,42.24,139.83502093,6614,-190.3096684047154,0.0009492733333333333,0.035811767647308965,-1.5987230220011301,17.079892422471726
196,184,7834,42,42.38,140.54748827,6798,-185.85717658996583,0.0009480466666666668,0.03525625197216868,-2.6120185941457748,8.01619803905487
200,189,8002,42,42.38,146.97679897,6965,-181.93909826034155,0.0009469333333333333,0.035338873377977274,6.240125682109442,7.128764678270389
204,194,8160,41,42.25,153.13845524,7125,-181.0799207185444,0.0009458666666666666,0.03626586506633382,3.386358706574691,7.83013727790431
208,198,8316,41,42.27,156.55145185,7279,-180.81152205033735,0.0009448400000000001,0.0358560775039774,-8.224183187340245,7.083247820536296
212,203,8478,41,42.34,157.65490387,7441,-178.9071029663086,0.0009437600000000001,0.034486245922744276,-3.499532477557659,8.869607925415039
216,207,8658,41,42.54,161.93647463000002,7616,-174.30385191544244,0.0009425933333333333,0.03388242974229481,-5.774865072706471,6.297677351080853
220,213,8843,41,42.88,163.46678075999998,7799,-174.19330233619326,0.0009413733333333333,0.034613472187802904,4.978621360801515,7.558305547350929
224,219,9042,41,43.35,167.92879901,7995,-171.98331434461807,0.0009400666666666668,0.034727497067716384,-1.6165424558851453,7.706916406419542
228,224,9212,41,43.27,167.53737323,8180,-169.29815957712572,0.0009388333333333333,0.032553541712289635,-8.814899318440016,6.268687392390052
232,229,9415,41,43.29,167.64501832000002,8351,-165.41858584381814,0.0009376933333333335,0.031821075133806054,-0.6005585249080214,6.064725110697192
236,236,9637,40,43.86,165.37295898,8596,-161.82542355855307,0.0009360600000000001,0.03247041068971157,1.4235540744331148,6.1770565311114
240,242,9844,40,44.76,169.41075586,8784,-157.20586410833866,0.0009348066666666667,0.0327427865443181,-0.6033115970845125,6.1729094252294425
244,248,10039,40,44.98,167.45355542,9001,-155.3218016013121,0.0009333599999999999,0.033415648417595104,17.680051656869743,28.03116254317455
248,253,10223,40,44.95,165.7947027,9182,-152.3784923147648,0.0009321533333333334,0.0338182676028698,-3.9008905836876404,7.053813985053529
252,259,10402,40,45.0,168.29930079000002,9368,-150.34690483248963,0.0009309133333333334,0.03273418690172993,-2.6522903904622916,6.9333901891903
256,264,10611,40,45.45,172.27780449999997,9563,-150.08726715623285,0.0009296133333333333,0.032118124070397595,-0.46007117263057773,7.090071987687495
260,271,10816,39,45.73,176.74579518,9767,-150.45683413135762,0.0009282533333333334,0.03143357394301161,-1.57061581708947,5.130191131513946
264,277,11014,39,46.05,184.14127424000003,9967,-147.85971131616708,0.00092692,0.03128293536755503,2.238906572059709,6.705332279205322
268,283,11217,39,46.52,191.91568942000006,10174,-148.06726043078365,0.0009255400000000001,0.030034048292709857,-2.9578048246247426,4.985346127529533
272,288,11410,39,46.85,196.04264172000003,10364,-142.60071385160407,0.0009242733333333334,0.02914880136860178,1.1408067155391612,4.838135480880737
276,293,11560,39,46.54,198.84259423999995,10517,-137.82134869224146,0.0009232533333333333,0.02963462143548225,3.842070372481095,16.706091843153303
280,300,11787,39,47.12,202.33617558999998,10744,-139.63962978786893,0.00092174,0.027943324711587694,-1.956509824152346,5.395301324349862
284,306,12001,39,47.5,201.71238445000003,10937,-133.96709716796875,0.0009204533333333334,0.02811873946338892,2.956010377407074,4.626243329048156
288,313,12222,39,47.75,200.16361921,11185,-133.9247817993164,0.0009188000000000001,0.028102712608970605,-0.775057797308092,4.564646479371306
292,318,12416,38,47.59,201.60669881,11379,-131.69887084960936,0.0009175066666666668,0.028297087343202697,-0.08583185407850477,4.266694694095188
296,323,12587,38,47.53,204.73861301999997,11556,-127.5761015608504,0.0009163266666666666,0.02787346951663494,1.1044019428459373,4.5882323883675245
300,328,12774,38,47.72,201.55947345999996,11728,-127.95944486345563,0.00091518,0.028220181486436298,-0.4542318018419402,5.179497344153268
304,335,13026,38,48.66,199.37170036000003,11982,-125.50015988913916,0.0009134866666666667,0.027569541407208287,-0.758271135309691,4.87534035149441
308,341,13210,38,48.94,202.53275285,12172,-123.82200216739736,0.00091222,0.026533790685712023,-0.08702116316937386,4.28509298284003
312,347,13409,38,49.31,208.95024107999998,12362,-123.54436652604923,0.0009109533333333333,0.026752741660836132,-1.2106094346490017,4.477054379707159
316,353,13634,38,49.76,211.70815947999995,12570,-122.97199837106173,0.0009095666666666666,0.026968929489127925,0.7826695754879811,4.354554887677803
320,360,13878,38,50.35,210.49774392999998,12813,-122.63692565462482,0.0009079466666666667,0.026612572594365076,-0.6337870599618599,4.464656182189486
324,368,14155,38,51.13,208.91029956999998,13108,-121.39534548709267,0.00090598,0.02646311610250881,-2.5776133945113733,3.736914713131754
328,374,14330,38,51.18,212.35271251000006,13292,-118.12819448331507,0.0009047533333333333,0.02553907745495075,-4.8541014892299,3.615229292613704
332,378,14497,38,50.82,213.79633769,13456,-117.25305938720703,0.00090366,0.02517696707509458,2.786662885546684,3.758821028470993
336,386,14821,38,51.84,222.24012026,13735,-112.85635503133138,0.0009018,0.024828795015949895,-0.9810267730995461,3.7119479179382324
340,395,15178,38,53.34,222.93871599000002,14127,-110.55854419746784,0.0008991866666666667,0.02521340176463127,1.6474751836121684,4.076943327682187
344,400,15409,38,53.7,225.00349992,14365,-109.06941103467754,0.0008976,0.02539442373695327,2.203581887132981,4.316081911909814
348,406,15608,38,53.85,226.87815189999998,14566,-108.25240859985351,0.0008962600000000001,0.025511407181620597,-0.29659844160079957,3.7095809459686278
352,411,15809,38,54.07,229.50850385000004,14760,-108.32979224709904,0.0008949666666666667,0.025661490382809266,0.7343295695734959,4.777914486679376
356,418,16011,38,54.0,232.47388746000001,14972,-110.20287567714475,0.0008935533333333333,0.025328157047899265,-2.4791780372835555,4.10621973253646
360,425,16257,38,54.41,233.59510032999998,15203,-106.76178269159226,0.0008920133333333334,0.02490027393731806,-0.4892252626873198,5.319526713991922
364,431,16482,38,54.68,232.8945384,15435,-109.80864042394302,0.0008904666666666667,0.024718481864707143,3.0452515471215342,3.965674778994392
368,438,16751,38,55.34,229.02134233000004,15690,-107.52184059250523,0.0008887666666666667,0.024654279030124907,-1.0146386396717018,3.6861571325382716
372,443,16976,38,55.66,228.25076735000002,15922,-108.2557433081455,0.00088722,0.024674579959179533,-0.09863839286272644,3.8032880923787102
376,451,17282,38,57.22,226.15596411,16214,-109.49530782197651,0.0008852733333333334,0.025646803655514593,0.8339096056787592,4.500164775471938
380,458,17530,38,57.43,227.48565575,16479,-109.80533024522124,0.0008835066666666667,0.0254823024399945,-0.5737384245043895,3.862539029512249
384,463,17752,38,57.51,230.59167121,16704,-111.20770293591069,0.0008820066666666666,0.025457606632627694,-0.8923805928697773,3.982956470227709
388,469,17981,38,57.59,234.33103834000002,16927,-111.11158637280734,0.00088052,0.025673981299096683,0.21122678045956594,4.107142192012859
392,476,18229,38,58.13,236.40347606999995,17176,-112.11782877604166,0.00087886,0.025099502230683964,-1.4043706019719442,3.478014218012492
396,482,18456,38,58.69,239.28704123,17401,-111.2532949614943,0.0008773600000000001,0.025097857376462536,-2.417317007717333,3.937323683186581
400,488,18676,38,59.02,243.36805542000002,17627,-112.57004532447228,0.0008758533333333334,0.0248524840348042,0.0010094986512110783,3.6345840921768775
404,494,18890,38,58.64,247.07461898000005,17837,-110.33931524103338,0.0008744533333333333,0.02441157288849354,0.27627016305923463,3.1951769915494053
408,500,19119,38,59.09,248.53673526999998,18076,-110.2023693582286,0.0008728599999999999,0.025148989281792572,0.0050173721451690235,3.3707946728968965
412,507,19457,38,60.48,249.12195954000003,18380,-110.09980420564351,0.0008708333333333334,0.024815022945404053,-2.0188774353579473,4.178777950688413
416,513,19672,38,60.38,250.09431624000004,18625,-111.54063669840495,0.0008692,0.024561010680540844,-1.615788424456561,3.5699617906853005
420,518,19881,38,60.03,254.19494997,18832,-109.34367098127093,0.00086782,0.024447468109428883,0.8886521543775286,3.7309480011463165
424,524,20084,38,59.29,256.99501109,19040,-111.09810624299226,0.0008664333333333334,0.024479096582918254,-0.6516649899659334,4.449171936070478
428,529,20278,38,59.48,261.36440234,19229,-110.89640496701611,0.0008651733333333334,0.02447352193448008,1.4285205894586992,4.243314606802804
432,535,20489,38,59.92,266.48310141,19441,-112.92798355390441,0.00086376,0.024734384222131856,1.5404754337274804,4.7461960630596804
436,542,20736,38,59.15,267.95700779000003,19672,-110.73637281145368,0.00086222,0.024073143090520586,-2.441409019487245,5.147943092244012
440,550,21049,38,58.71,272.11235483,19951,-111.7517187184301,0.00086036,0.02464013600229532,0.14923041853411445,4.008964272751205
444,560,21367,38,59.58,273.42782013000004,20324,-113.28427541632401,0.0008578733333333333,0.02497926501459197,0.32864438358106113,4.282483399541754
448,568,21680,38,60.72,274.08560358,20617,-111.26894485118777,0.00085592,0.024595142168880896,-0.7465569189814634,4.04538982136305
452,576,21937,38,61.28,275.42952087,20889,-110.22334289550781,0.0008541066666666667,0.02439548700931482,3.124113854020834,3.7758854888379574
456,582,22169,38,61.58,276.27919011,21109,-111.1566042983741,0.0008526400000000001,0.025156581284184205,0.1284101542673613,4.07974292102613
460,590,22470,38,62.13,278.77606999,21390,-111.04591740502252,0.0008507666666666667,0.02529175491589639,0.06140726225243674,4.541668676667744
464,599,22772,38,62.9,281.81574413,21710,-113.20586663904325,0.0008486333333333334,0.025454056698461652,0.3887264980396754,3.9528955002905617
468,606,23028,37,62.77,288.00793058000005,21978,-113.32045545076069,0.0008468466666666667,0.02513575328415946,-1.2109305042969554,4.521567261009886
472,613,23279,37,63.03,291.32956144,22230,-114.45794522935066,0.0008451666666666666,0.024572224153772644,0.5629043941912444,4.268380503723587
476,620,23544,37,62.62,293.9964777,22459,-114.56253932072566,0.00084364,0.02520986248810704,-1.2029732740842378,4.148318721697881
480,629,23849,37,63.19,292.60026595,22797,-114.98836491025727,0.0008413866666666667,0.025101985461239158,0.8443622438386938,4.4104675150465695
484,636,24113,37,63.61,292.72642445,23049,-114.69252565682652,0.0008397066666666666,0.02556581846831075,-0.31376947983201725,4.823965512126325
488,643,24362,37,63.81,294.5678118000001,23300,-111.7053837631688,0.0008380333333333333,0.025060146764823883,-1.3455280435807777,5.060769561565284
492,651,24666,37,64.37,296.05937802000005,23578,-112.8036776374368,0.0008361800000000001,0.02529693719218759,-0.4058492295882281,4.300726245431339
496,662,25041,37,65.85,301.20003094000003,23969,-111.56074799213212,0.0008335733333333333,0.025519108803001875,0.6802640108718085,4.29421450428127
500,669,25334,37,66.58,303.9726097,24249,-113.70621011196039,0.0008317066666666667,0.025608347394527532,2.294527075229547,6.338517048420051
504,677,25568,37,66.78,302.03065614,24502,-113.75308477467505,0.00083002,0.025357740192577756,1.0183729837680686,4.5414803768026415
508,684,25833,37,67.14,302.43322017,24780,-113.44989940098354,0.0008281666666666667,0.025002801205430712,1.208381974697113,4.824718151773725
512,691,26099,37,66.42,304.30781949,25049,-113.86046529134114,0.0008263733333333333,0.02507431395351887,-1.4099381240208944,4.129727970759074
516,697,26310,37,66.38,305.41897865000004,25260,-112.6970575120714,0.0008249666666666666,0.024968541779175953,-1.375552941251684,4.431392064800969
520,703,26536,37,66.55,305.683691,25490,-113.76300451105291,0.0008234333333333334,0.024892591041597453,3.3218818231062457,4.092988547411832
524,709,26777,37,66.93,307.79938442,25722,-115.5427602594549,0.0008218866666666667,0.024912278896028345,0.021610752019015224,3.939918851852417
528,715,27037,37,67.59,306.79699664,25981,-113.29070059458415,0.00082016,0.025110903842788603,-0.5191158180435499,5.693588164117601
532,721,27318,37,68.29,306.69150397,26234,-113.51435750844527,0.0008184733333333334,0.025565169865683635,-0.4257407547259817,6.304334791339174
536,730,27619,37,68.83,310.60196545,26563,-114.73970902484396,0.0008162800000000001,0.025676912425652794,0.9801891400762226,4.617608513521112
540,735,27841,37,67.92,311.17014649,26793,-114.82340328509991,0.0008147466666666667,0.026033533163941823,0.8349342678601925,4.645147951749655
544,741,28111,37,67.44,316.56126116999997,27033,-117.48509116399856,0.0008131466666666667,0.025994967403156415,0.47315610306603567,4.507850607236226
548,750,28459,37,67.79,317.93707742999993,27397,-118.64861709080385,0.00081072,0.025667454691582853,-0.09655927037924864,4.558016661847575
552,757,28799,38,68.62,317.99323447,27694,-118.91134467491737,0.0008087400000000001,0.02608435932928935,0.24009236234884995,4.490872135529151
556,765,29145,38,69.76,317.8280298600001,28058,-120.3732300782815,0.0008063133333333334,0.026714000086753797,-0.1135423978169759,4.822349367997585
560,773,29419,38,69.49,316.29768179,28368,-118.07863330841064,0.0008042466666666666,0.026335727598052472,1.3748943954706192,4.983518294990063
564,778,29640,38,68.68,313.21784209000003,28585,-119.17592198797998,0.0008028,0.02626204201357162,1.689357803222981,5.1545465195432625
568,784,29917,38,68.89,315.4272322300001,28851,-120.05163386096693,0.0008010266666666667,0.02617089338090322,0.5348705653458425,4.708084008465074
572,790,30158,38,68.79,317.16671341999995,29104,-118.61544527326312,0.00079934,0.026513232284092476,1.9532942069428307,4.662784359284809
576,797,30412,38,68.68,322.08974387,29349,-120.19607356144832,0.0007977066666666667,0.02639991406064767,-0.21620622598207914,4.347745345189021
580,803,30680,38,68.31,326.48844685000006,29620,-119.96960194905598,0.0007959000000000001,0.026701904473858968,0.6818948837748745,5.223488058960228
584,811,30973,38,68.6,328.83135209,29911,-121.18907519354336,0.00079396,0.026575254087430843,-0.8868866925654204,4.225915701492973
588,818,31241,38,68.79,329.25062276000006,30183,-120.70688399223432,0.0007921466666666667,0.026279151720339306,1.0976684616036612,4.234314591917273
592,826,31535,38,68.69,325.81834389,30455,-120.19709216589216,0.0007903333333333333,0.02655246053105113,-1.283104005216182,5.276913919668088
596,834,31783,38,67.42,322.24813604999997,30734,-119.57867256539767,0.0007884733333333334,0.026176047038103712,1.917626389714538,5.911933640964696
600,841,32030,38,66.96,322.59035461,30960,-120.08325258890788,0.0007869666666666667,0.02618488056274752,-2.2401503746708236,4.667622074484825
604,848,32308,38,67.4,327.63166771,31217,-120.57403777627384,0.0007852533333333333,0.026106226805816677,0.8659713057910695,4.6574844858225655
608,858,32634,37,68.01,332.07026235999996,31572,-117.88987465275144,0.0007828866666666667,0.026044697419387624,-0.6730717142808784,4.503027672906524
612,866,32889,37,67.9,329.85835098,31847,-118.3832000732422,0.0007810533333333334,0.026140956523326726,0.09348900593244112,4.6183509900019715
616,874,33253,38,69.43,334.16119834,32132,-115.70937418937683,0.0007791533333333334,0.0259063759779868,-0.631774407501022,4.546101329227288
620,886,33629,37,70.93,338.09456248999993,32535,-114.23240501497999,0.0007764666666666666,0.02639744113440867,0.44857458935843575,6.543154669396671
624,894,33935,37,71.58,334.17739045999997,32846,-115.77669414721038,0.0007743933333333333,0.026488100815760463,-1.943498366757443,4.425676568558342
628,903,34257,37,72.2,340.17568106999994,33181,-117.17489840660566,0.0007721599999999999,0.026094657127503997,-1.2043890217204152,5.042289901662756
632,910,34560,37,72.42,346.08939186000003,33487,-118.58394317626953,0.00077012,0.026161778059143288,-0.8348567650868343,4.959735320164607
636,917,34794,37,71.75,342.55635517999997,33736,-118.38141909512606,0.00076846,0.025877728990533134,1.179571591724049,4.468751564892855
640,924,35041,37,72.0,343.57085761,33985,-118.61413994388303,0.0007668000000000001,0.0261789600810279,1.0200030613636626,5.014018224633259
644,931,35302,37,71.91,343.81382979999995,34227,-119.36390233039856,0.0007651866666666667,0.02661155178793706,-0.40244636218994856,5.055535659193993
648,939,35615,37,71.56,351.06100237,34533,-118.19649041217306,0.0007631466666666667,0.026430307010161705,1.5667769321496936,4.582789770071058
652,948,35972,37,71.73,354.0525127600001,34894,-118.77178483598688,0.00076074,0.026656799374169177,-0.09423526217428486,4.674458584088958
656,957,36294,37,71.49,361.7437058799999,35221,-120.17350804528525,0.00075856,0.026237483071379884,0.10537681191466576,4.108171554498894
660,965,36600,37,71.81,364.6772823499999,35543,-121.00327085607192,0.0007564133333333334,0.026318710560307785,-0.7586224555969239,4.188620643054738
664,972,36901,37,72.61,369.44041560000005,35827,-122.83034772996778,0.00075452,0.026012945775087778,-0.2871034973627561,4.28503266247836
668,980,37180,37,72.63,364.77428769000005,36109,-123.28519206576877,0.00075264,0.026569606477601662,1.400358224908511,4.606448269552654
672,988,37494,37,73.36,365.66694061000004,36427,-122.3824229828299,0.00075052,0.02612520961014375,0.7248954870929457,5.107254345123082
676,995,37837,38,74.25,366.36649882999995,36754,-121.70703747089092,0.00074834,0.026045622103489364,1.2230942029219407,4.945759336764996
680,1004,38182,38,75.02,369.40284039000005,37127,-123.78041969299316,0.0007458533333333333,0.02615257544443011,0.7123949193954467,4.615693147182465
684,1012,38516,38,75.43,371.12852892,37446,-122.54599877852428,0.0007437266666666666,0.02580467338048959,-0.13638967049272754,4.252623392056815
688,1021,38849,38,76.08,373.66837012999997,37762,-122.01406262868858,0.0007416199999999999,0.02571069025041827,-0.13713951426816273,4.2170850598668475
692,1031,39209,38,76.74,382.07984287,38139,-120.55523746571642,0.0007391066666666668,0.026029441485855172,3.288496934353037,4.653945146722997
696,1038,39456,37,76.73,384.38910975,38412,-123.27602470084412,0.0007372866666666666,0.02609089420062222,2.964199182105391,4.923918217828829
700,1045,39745,38,77.15,389.41151443999996,38676,-121.45036566884895,0.0007355266666666667,0.02612920245155692,-1.2590097298747616,4.486531561926792
704,1053,40041,38,77.33,392.00418239,38975,-120.53356600479341,0.0007335333333333333,0.026244949287092183,-0.7883266277716193,4.129559668017105
708,1062,40323,37,76.89,391.70012562000005,39264,-121.34738354350246,0.0007316066666666667,0.026183108690866205,0.6009704387465189,4.909902062526969
712,1071,40662,37,77.73,397.75039786,39574,-121.13342155456543,0.0007295400000000001,0.026475493051111697,0.27649091482162474,4.49153059720993
716,1082,41092,37,78.39,404.82349417000006,39999,-122.9912527145878,0.0007267066666666667,0.026903587799038616,1.0541288972862306,6.172555642743265
720,1093,41544,37,79.15,409.57278485,40450,-126.49460947288657,0.0007237,0.02700379717532756,-1.9003294897529315,5.701268380542971
724,1101,41841,37,79.06,411.72008958000004,40785,-124.63179611206054,0.0007214666666666667,0.027515965662896633,2.3451481473445894,5.195931406021118
728,1109,42155,37,78.98,409.00000222,41102,-128.92300923665366,0.0007193533333333333,0.02851894899374909,0.42428608338038126,10.056645753648546
732,1115,42332,37,77.72,402.11673626,41296,-132.65133514404297,0.00071806,0.02853899747133255,1.0125986337661743,7.484671902656555
736,1121,42533,37,77.39,399.69893758000006,41487,-134.488919038039,0.0007167866666666667,0.02852020516561774,-1.7445086412704909,6.600475366298969
740,1127,42719,37,76.78,398.20468291000003,41677,-136.51664863748752,0.00071552,0.028697856206526148,-1.4756965231388173,9.424881093045498
744,1132,42910,37,76.08,395.92092398,41864,-138.0871690790704,0.0007142733333333333,0.02898534692506841,0.08246477867694611,9.365793319458657
748,1138,43124,37,75.09,388.11715307,42073,-142.49390243530274,0.0007128799999999999,0.029120253026485445,3.8681872415542604,9.268057508468628
752,1144,43377,37,74.05,382.0290683,42320,-147.01242261944395,0.0007112333333333334,0.03056230257745042,0.752373912117698,8.332547816363247
756,1153,43750,37,74.56,379.28497555999996,42649,-151.21908975684124,0.00070904,0.03054061677792798,1.460729982541955,8.174108728118565
760,1166,44220,37,76.2,384.7035155600001,43113,-154.00273889160155,0.0007059466666666667,0.031525431722402575,0.8784397401809693,9.37625652694702
764,1174,44540,37,76.39,384.30183479,43445,-155.93473314557755,0.0007037333333333334,0.0319906870169299,3.4335348623139517,31.201627363477435
768,1186,44954,37,77.74,394.60644726000004,43849,-156.35030416424354,0.00070104,0.03210926323794247,0.6945272509971362,13.926889907108263
772,1198,45336,37,78.42,397.68154896000016,44250,-154.2133302550385,0.0006983666666666667,0.03156929112214973,-0.7011775607648103,8.342958270639613
776,1207,45620,37,77.83,396.01094016999997,44572,-153.69631611217153,0.0006962200000000001,0.03046895902265202,-0.518957768425797,8.711507934512515
780,1214,45851,37,76.69,391.61901546,44794,-152.92345537458147,0.00069474,0.030572115310600827,1.8106171361037664,8.417799873011452
784,1221,46127,37,76.11,390.03524080000005,45055,-155.5061005812425,0.000693,0.03067083112322367,-2.522388655405778,7.808306168287229
788,1232,46526,37,76.77,394.86539431000006,45450,-153.71150659055127,0.0006903666666666667,0.03114021119034412,-1.9696628925751667,7.567770933618351
792,1241,46881,37,76.72,396.63483177,45801,-156.206299163483,0.0006880266666666666,0.03186467560110511,1.0668512261830843,7.745677224882356
796,1255,47332,37,78.76,406.62513892999993,46251,-156.12535398146684,0.0006850266666666667,0.031686238862354964,-1.0404070637681906,7.935318873209112
800,1266,47783,37,80.38,406.99141182,46682,-155.92473856608072,0.0006821533333333334,0.031852974212384436,-0.47608440953332026,10.566940616916966
804,1275,48210,37,81.69,412.56087559,47094,-156.86036883660083,0.0006794066666666668,0.03149428977718893,-0.6198189522860185,8.412082834063837
808,1286,48667,37,83.44,420.22891228000003,47569,-156.06455156139862,0.0006762399999999999,0.030979933763357035,-0.9743410151703913,9.269326432306963
812,1295,49100,37,84.38,425.90455872999996,47951,-154.95299563937718,0.0006736933333333333,0.030550008142987885,-0.009207784467273288,7.732547426223755
816,1307,49601,37,85.09,422.20454953,48458,-154.6143363503849,0.0006703133333333333,0.030426241913992985,0.20732129555122525,7.481769220501769
820,1316,49960,37,84.16,417.39860304,48866,-153.81428617589614,0.0006675933333333332,0.03009894919380838,1.0035809342767679,8.579817084705128
824,1326,50333,37,84.92,425.20420443999996,49238,-153.0498858512716,0.0006651133333333333,0.030469387056345634,-1.2285423950946077,9.302530161877895
828,1337,50737,37,85.82,427.46057432000003,49683,-151.96454631183164,0.0006621466666666667,0.030686717269057077,0.31014496172573547,10.419953846762366
832,1343,50992,37,86.6,429.82503097,49935,-152.03893064841245,0.0006604666666666667,0.03068082120556098,0.05378383015974974,9.652374836114737
836,1354,51404,37,88.71,434.44988745999996,50340,-153.22298464160755,0.0006577666666666666,0.031104782984757717,-0.16895199736203154,8.987748248445476
840,1362,51768,37,90.49,440.34960523,50669,-153.87136589301812,0.0006555733333333334,0.03066175647980564,0.5650051557100736,8.962454439519526
844,1372,52138,37,92.28,447.4004532699999,51081,-154.04437220862152,0.0006528266666666667,0.030936191285695504,0.21739739507710168,12.676857782066415
848,1380,52479,38,93.55,455.55050463999993,51393,-155.4570053100586,0.0006507466666666666,0.03136719465255737,0.17793453931808473,11.241683632986886
852,1388,52761,37,93.84,460.83148606000003,51702,-156.36540985107422,0.0006486866666666666,0.031142803171697337,0.8246164902662619,12.136715228740986
856,1395,53059,38,93.09,459.86016382,51986,-154.82820696708484,0.0006467933333333334,0.031436448295911155,-0.07445816046152359,10.106278138282972
860,1402,53346,38,91.26,454.94821121999996,52285,-157.78621317545574,0.0006448000000000001,0.03168933893243472,-0.9121027557055156,9.673309243520102
864,1411,53752,38,92.12,457.46926339000004,52674,-158.4896196637835,0.0006422066666666666,0.03197933697984332,0.34071600295248483,10.324311965987796
868,1423,54133,38,91.79,453.50313593000004,53061,-161.09648829182302,0.0006396266666666667,0.03201564961648363,0.673812725412564,10.573114984617458
872,1437,54641,38,93.05,458.82406335,53521,-161.48135744730632,0.00063656,0.03274787372599045,0.842868493994077,11.919968549410502
876,1450,55057,37,94.37,472.05700964999994,53971,-162.94356786677267,0.00063356,0.03342282330304121,-0.5271655722002012,10.404437402708341
880,1459,55419,37,95.68,478.16432732,54339,-164.21649608045522,0.0006311066666666667,0.03333303011437454,0.293314523035937,10.72178817503523
884,1469,55823,37,96.96,486.97639138,54707,-166.328113058339,0.0006286533333333333,0.033995830251470856,1.5770162603129512,9.6023565945418
888,1481,56211,37,96.85,488.9647451300001,55118,-163.9415549888267,0.0006259133333333333,0.03356954052641585,-0.08765791343139098,10.922925364863765
892,1492,56596,37,97.15,491.50942534000006,55504,-163.67795041712318,0.00062334,0.03373141945680467,-0.8103846602323579,9.548342140709481
896,1499,56916,37,95.84,480.9947297699999,55830,-162.1811028305365,0.0006211666666666667,0.03394415503253742,-1.3532739804715526,11.078924096360499
900,1506,57185,37,94.02,477.59279893999997,56126,-163.7290029023823,0.0006191933333333332,0.034269208970822786,-0.22132004326895663,11.20122028024573
904,1512,57407,37,91.97,468.9865857100001,56359,-165.71401629531593,0.00061764,0.03359891513460561,0.08268327252906665,11.046087524347138
908,1518,57641,37,89.74,457.40898838,56590,-166.49423401931236,0.0006161,0.03358644491125797,-1.8458514830161785,9.770570763226214
912,1525,57947,37,88.47,445.0732901799999,56848,-168.9093295424732,0.00061438,0.033437374423244105,0.6428192649314652,9.674090214629672
916,1535,58345,38,87.44,439.81809234,57255,-170.17199631367833,0.0006116666666666667,0.0338551664401677,0.5349638348768565,10.844739764189917
920,1544,58724,38,87.64,440.84530085000006,57624,-168.99891856360057,0.0006092066666666667,0.034395786564028454,1.5731392814999534,25.970920774671768
924,1554,59038,37,87.05,439.59501518,57976,-172.62657666887557,0.00060686,0.03473582406129156,-0.4500981892858233,10.819790022713798
928,1563,59389,37,86.52,438.28789923000005,58306,-170.07064632839626,0.00060466,0.03502796180546284,-1.490272612704171,15.490810256534152
932,1572,59706,37,87.14,441.61878489000003,58642,-172.72718584215318,0.00060242,0.03554829285555595,2.4195906117155745,12.431647713119919
936,1581,60024,37,86.2,440.69167057999994,58953,-172.76096849943463,0.0006003466666666666,0.035544986866022414,-0.9709376397885774,12.623689716740659
940,1590,60349,37,85.81,441.1491573100001,59298,-171.66941710724228,0.0005980466666666666,0.0357558692580667,0.5054023909842831,14.628437524554373
944,1598,60643,37,85.05,435.6371896099999,59589,-173.83089928877982,0.0005961066666666666,0.03541467201552893,2.060865464963411,12.0011517625106
948,1610,61085,37,86.06,438.08413909999996,59980,-173.82862121180483,0.0005935000000000001,0.03590322254029544,-0.24342286704402222,12.994549468943948
952,1625,61620,37,88.59,447.0153943199999,60506,-174.6618756055832,0.0005899933333333334,0.036071180657017976,0.17511512245982885,12.877174571156502
956,1638,62017,37,89.58,446.79128640000005,60961,-175.22765881082287,0.00058696,0.03667288254676522,1.279837411382924,14.557026503742605
960,1649,62438,37,90.92,448.47928296,61337,-174.65914116706048,0.0005844533333333332,0.0373992125627461,-0.1543518721640527,14.551795419279513
964,1659,62866,37,91.14,448.56236992,61751,-174.4864531017485,0.0005816933333333334,0.03703258128925448,-0.8152812449705034,13.327102604366484
968,1669,63271,37,91.38,450.00303656000006,62143,-173.7422052077305,0.00057908,0.03671294634724841,-0.5198524042412087,13.457896668233989
972,1678,63584,37,89.43,443.31850727000005,62528,-171.56081771850586,0.0005765133333333333,0.036320556088217666,0.09010274708271027,14.081010580062866
976,1685,63849,37,87.92,428.82642205999997,62794,-173.68484663963318,0.00057474,0.036371050286106765,1.9117483496665955,13.080452144145966
980,1694,64262,37,88.43,432.23491978000004,63141,-173.71373806724066,0.0005724266666666667,0.03650003666930561,-0.3137373645094377,13.899550769902483
984,1705,64645,37,88.22,436.47049211000007,63562,-175.42751112438384,0.0005696200000000001,0.036900811385185944,-0.034180712132226856,12.604343584605626
988,1715,64970,37,87.59,433.35637235999997,63888,-173.97738459338882,0.0005674466666666666,0.036632537688702754,-1.5147961133146939,12.22652184473325
992,1724,65318,37,87.22,432.1818079099999,64237,-174.35934036769223,0.0005651200000000001,0.03636841287606218,1.5326535005247994,13.20375041747361
996,1732,65677,37,87.61,439.5184721,64593,-174.44829187160585,0.0005627466666666668,0.036915105971984746,1.424053603556098,12.335368307625375
1000,1742,66078,37,88.93,446.28435728,64970,-173.2785917115443,0.0005602333333333334,0.037111756473200995,-2.1379869157828173,11.522633969205097
1004,1753,66542,37,91.35,456.43649137,65445,-174.96394818894407,0.0005570666666666666,0.036443379925603564,-1.2471137122905,11.857566843641566
1008,1762,66913,37,92.72,466.17471614000004,65839,-176.39635360881846,0.00055444,0.03628851877905989,-0.89551124136935,11.673036139498475
1012,1771,67278,37,93.31,477.09771337000006,66190,-174.22913959462156,0.0005521,0.036438784572065515,-0.23547177289121896,11.560058973168815
1016,1780,67619,37,92.74,480.90548878000004,66538,-173.62780492446,0.0005497799999999999,0.03676979265668813,-0.4315276342279771,12.255440981247846
1020,1790,68094,38,93.7,485.5458757,66906,-176.44435105368356,0.0005473266666666667,0.036409526889290764,-0.004565068494493716,12.433499024293132
1024,1798,68343,37,93.05,481.27734687,67277,-173.29849132191052,0.0005448533333333335,0.03633402917872776,-1.4168695363131436,11.923633766174316
1028,1805,68669,38,92.8,484.46373244,67586,-173.2192735414247,0.0005427933333333333,0.03635131985553213,0.38243062109560577,11.864662801897204
1032,1817,69119,38,94.13,484.0841936,67997,-173.79087905128404,0.0005400533333333332,0.036298440603336486,-1.301760979808203,11.177526738383982
1036,1829,69557,38,95.33,493.01397040000006,68469,-171.4006582406851,0.0005369066666666666,0.035688974822943025,-0.5166859207572517,11.513111586099143
1040,1838,69903,38,95.54,493.6535204700001,68819,-168.87012396918402,0.0005345733333333334,0.035118714526847554,0.17545465922649997,11.610990759767132
1044,1845,70233,38,95.9,500.28970591999996,69149,-172.08259396939664,0.0005323733333333334,0.03480883169214468,-0.12464565199774665,11.335896994616535
1048,1854,70582,38,94.97,498.20660074999995,69491,-172.0267333984375,0.0005300933333333333,0.03501082881447974,-0.19187781984886426,11.776881710866864
1052,1866,71049,38,94.29,491.60992326999985,69958,-173.42936772408245,0.00052698,0.0357019591996138,3.0983311769773634,13.6023341185755
1056,1880,71602,38,95.85,504.92094465,70465,-174.9131372016773,0.0005236,0.036169017844817096,-0.869357234553287,12.885679855681301
1060,1892,72003,38,95.65,510.69135936000004,70917,-177.18838986483487,0.0005205866666666666,0.0366033866324208,2.4282285646958783,12.551622832905162
1064,1903,72351,38,94.85,509.87108218000003,71296,-177.73839290325458,0.00051806,0.037085975806873575,0.8036958483549265,13.363737262212313
1068,1912,72699,38,94.28,510.2808818799999,71609,-176.74102783203125,0.0005159733333333335,0.03751027467119139,0.7684616127679514,16.090689991795738
1072,1922,73051,37,94.67,512.5627284499999,71984,-175.2735767364502,0.0005134733333333333,0.03796531552110206,0.7329244938763705,14.704713106155396
1076,1931,73345,37,94.96,517.96618098,72273,-176.41313125838096,0.0005115466666666666,0.03856801352838972,1.075058131075617,15.675679263783925
1080,1940,73683,37,94.21,514.0384767,72590,-177.90949515010533,0.0005094333333333334,0.03870691702272115,-0.3785172486573123,15.923443547795328
1084,1951,74108,37,94.63,513.42111441,73009,-179.57854837914036,0.00050664,0.03868850062869183,-0.4075865325045912,14.858616939962726
1088,1963,74532,37,95.62,517.4724693900001,73412,-180.3185491208677,0.0005039533333333333,0.03766610024979821,1.1706636763281293,13.930509814509639
1092,1976,74977,37,96.59,519.07078982,73885,-181.10975627410107,0.0005008,0.03844580909189505,0.32788687791579807,14.626063970419077
1096,1987,75343,37,96.66,517.2959385099999,74265,-183.0498566024605,0.0004982666666666667,0.03844338252969172,2.4961809207653176,16.198995107891914
1100,1997,75680,37,96.02,514.07731639,74601,-182.81489765213198,0.0004960266666666666,0.03895330797117877,0.416310196899506,14.942944882863975
1104,2006,76027,37,94.85,510.00770248999993,74947,-182.96102493800473,0.00049372,0.03894165932629885,-0.6510674745849009,15.124949144513419
1108,2015,76366,37,94.53,508.29648876,75288,-184.15578981725182,0.0004914466666666667,0.03891031303238578,0.9704413508496633,15.730552498887224
1112,2025,76714,37,94.36,507.96768834,75632,-183.69738014975746,0.0004891533333333334,0.038855825520151266,0.60668662747184,15.53447906787579
1116,2034,77072,37,94.53,510.4540923900001,75982,-184.0603742278024,0.00048682000000000006,0.039064666193522765,-0.508024830496713,15.055497383803464
1120,2046,77496,37,94.02,508.06838056,76368,-184.01489473593355,0.0004842466666666667,0.03860420109045626,-0.667005900180701,14.758099893126825
1124,2058,77982,37,96.39,518.60927526,76812,-184.2174432927912,0.0004812866666666666,0.038063928581677474,-1.8266355186313779,14.747964636071936
1128,2071,78379,37,97.1,523.4969493,77290,-183.9509771010455,0.00047809999999999997,0.03768285926358372,-0.7265377371918922,15.297728828355378
1132,2082,78757,37,96.38,523.6255443599999,77691,-183.92668169195002,0.0004754266666666667,0.037410515191202816,-1.2010203979232095,15.62031603943218
1136,2092,79127,37,95.7,519.6066391200001,78035,-183.10540932103208,0.0004731333333333333,0.03677712914190794,-0.5650925623743157,14.584503806264777
1140,2102,79450,37,95.47,520.9024865299999,78377,-181.3782662101414,0.00047085333333333335,0.03655249730724355,-1.6237084288959918,14.478119259295257
1144,2110,79751,37,95.18,518.95466521,78680,-182.50996129653032,0.0004688333333333333,0.035996206049971724,-0.7141082418315551,15.482645918341245
1148,2121,80197,37,96.15,521.43696309,79013,-181.85112895965577,0.0004666133333333333,0.03668531840667129,-1.1254430525004864,14.38970626592636
1152,2135,80619,37,95.7,528.58517953,79496,-182.1092938874897,0.0004633933333333333,0.036761612837251864,-0.34186954372807554,14.489496933786493
1156,2147,80976,37,93.74,520.0888599799999,79888,-179.31398084687024,0.00046078,0.03691564650252098,-0.3138189897304628,13.78925824746853
1160,2159,81410,37,94.07,521.57385853,80297,-181.2693846612914,0.0004580533333333333,0.03714485441008185,0.14932075932494596,15.701173994276258
1164,2172,81908,37,95.57,534.28784511,80690,-180.82589374889028,0.00045543333333333336,0.03743946772407402,-0.2651948793367906,15.40450970693068
1168,2185,82278,37,95.79,533.21923984,81166,-179.20997320745408,0.00045226,0.036974211789898036,-1.9323384712651832,14.973194849859809
1172,2195,82570,37,95.19,526.84952215,81509,-184.6437064392926,0.00044997333333333337,0.03633044537616103,-0.6287122474957819,14.751882161179633
1176,2203,82831,37,94.86,519.1207941900001,81764,-183.13767954508464,0.00044827333333333333,0.03574277628213167,0.4138178070386251,14.71050640741984
1180,2212,83079,37,93.96,514.5586104700001,82027,-181.28870088760166,0.00044652000000000005,0.03548976044132285,2.8643343930375087,14.58190246477519
1184,2219,83365,37,92.57,507.0520802,82298,-182.9182233025046,0.00044471333333333333,0.03600232360117576,2.2312427927466,15.668001848108629
1188,2231,83839,37,93.07,515.3325425099999,82709,-184.2922014834276,0.00044197333333333334,0.03624871993131602,-0.23862544013493098,15.915959222992853
1192,2245,84277,37,93.0,519.44746433,83166,-183.38748631711866,0.0004389266666666667,0.0370215184559099,0.05342374473321633,15.06216040595633
1196,2257,84653,37,93.1,519.68983273,83560,-181.9675295875186,0.00043630000000000003,0.036892234214714596,-1.3167851868129912,15.803119713919504
1200,2267,85025,37,93.45,518.22707209,83926,-183.63441603254563,0.00043386000000000005,0.037578183051088065,-0.6350791436610835,15.033283686873936
1204,2279,85469,37,94.42,516.7908322899999,84370,-181.92680159859034,0.00043089999999999996,0.037809372466543444,-0.05118610029635222,15.452783460202424
1208,2293,85898,37,95.32,516.81578992,84798,-185.00666631971086,0.0004280466666666667,0.037728579116186926,2.7062135376036167,16.45337497336524
1212,2305,86295,37,95.81,510.85594475,85195,-182.75383846316717,0.0004254,0.03796035908492266,-0.10185937227401058,17.491329547578253
1216,2317,86728,37,96.56,515.10647091,85617,-184.47117574591385,0.00042258666666666666,0.03895559939637519,0.676674505074819,18.04577122236553
1220,2330,87190,37,96.94,521.48736545,86107,-188.10002026367187,0.00041932000000000004,0.039189272820949556,-0.05917247581481934,18.186195762634277
1224,2340,87591,37,96.09,519.27087381,86488,-189.7687532212999,0.00041678000000000006,0.03938208425210582,0.2778418779373169,17.21076932483249
1228,2351,87953,37,95.74,516.35717041,86877,-189.38355269522037,0.00041418666666666673,0.03894325728826928,-2.1364748174289487,16.671590931010694
1232,2362,88381,37,96.24,521.16174145,87288,-189.0785210411828,0.00041144666666666663,0.03805800050765545,-0.6795486485635912,15.727426606255609
1236,2374,88791,37,96.64,524.22020978,87704,-190.93826151339806,0.00040867333333333334,0.03757093749313711,-2.020807897933176,15.686572984000232
1240,2386,89210,37,97.6,533.9374461300001,88107,-191.59944461436754,0.00040598666666666675,0.03714821722065465,-1.0758037017972282,16.61876025896394
1244,2400,89729,37,99.78,538.7673165799999,88620,-189.2305379506704,0.0004025666666666666,0.03760030698534605,0.3869463540412284,15.868333878388276
1248,2414,90217,37,100.2,539.7445514399999,89107,-189.99554041812294,0.00039932,0.03766627021526035,-0.5845678946129361,15.597376565287885
1252,2426,90682,37,100.63,537.9811565000001,89568,-187.63319495872216,0.00039624666666666664,0.03728879039624223,-0.4042595674594243,15.362322462929619
1256,2437,91048,37,100.72,536.28366029,89945,-185.9412399291992,0.0003937333333333334,0.03729331560432911,0.6242958319187164,15.474933547973633
1260,2449,91427,37,100.17,540.3047089400001,90334,-183.50011135669465,0.00039114000000000005,0.037789490034288546,-1.2834470278405128,15.37170075355692
1264,2460,91878,37,99.7,538.80489105,90775,-180.3115362637285,0.0003882,0.03737822903887085,0.13124164420625437,15.230202743972557
1268,2472,92271,37,99.93,549.29444009,91162,-179.05592034452704,0.00038562,0.03710974989238606,-2.3890524320704962,15.8524720181701
1272,2482,92683,37,101.13,567.66906188,91580,-180.16478597706762,0.0003828333333333334,0.036612544337223316,-0.41089645678969633,13.907082086321951
1276,2494,93126,37,102.95,577.7148561299999,92027,-180.54904830932617,0.00037985333333333336,0.03658916708081961,0.8094044953584671,14.462661695480346
1280,2505,93479,37,104.0,587.2328124,92393,-180.3423593255538,0.0003774133333333334,0.03687927023142199,-0.21779340128355387,14.768466273440591
1284,2516,93823,37,104.58,593.4355500300001,92735,-178.80629358059022,0.0003751333333333333,0.03721236242208539,1.0260614949028666,15.057021222463469
1288,2525,94143,37,103.04,582.83718882,93067,-179.97726476760138,0.00037292000000000005,0.03714146243319625,0.3813594877719879,15.994239409764608
1292,2535,94489,37,102.12,579.53257237,93412,-180.34456265910288,0.00037061999999999994,0.03736874716502897,1.1721833194239755,15.889327081401696
1296,2546,94874,37,102.21,582.36340695,93767,-181.97086809943704,0.00036825333333333335,0.03719687593333861,1.133652188497431,15.247234939126407
1300,2556,95236,37,102.11,586.82297679,94154,-183.03885946468432,0.00036567333333333333,0.03774656184321763,-0.02093108941097649,16.126124459870006
1304,2567,95648,37,101.79,590.70015365,94543,-183.4750847772721,0.00036307999999999995,0.03784729113135863,0.37446210799960916,15.868792787604376
1308,2580,96135,37,102.37,607.01884238,94933,-184.09050004378608,0.00036048000000000005,0.03820873922465936,2.0962235409280527,15.145476735156516
1312,2596,96564,37,102.69,620.09479343,95458,-186.25349326211898,0.00035697999999999996,0.03791588810501528,-0.1751347281893746,15.68146755656258
1316,2606,96941,37,102.13,621.49609651,95858,-185.09833825152853,0.00035431333333333336,0.03771844931432734,-2.4491623471612516,15.522700983545054
1320,2617,97317,37,101.27,624.6440149499999,96222,-182.34545378632598,0.0003518866666666667,0.03752205389869082,0.025577893623938926,16.201759306939092
1324,2627,97700,37,101.09,630.15085928,96598,-184.60745371942934,0.00034938000000000005,0.037984157062095146,2.512800369573676,16.0705870649089
1328,2639,98166,37,102.13,643.2640665,97034,-184.6935419481854,0.0003464733333333333,0.03787084075427333,-0.9187672824360603,16.32609275329945
1332,2654,98641,37,102.6,650.6083977399999,97550,-187.35426103307844,0.0003430333333333333,0.037162531325791746,-0.6906593759009179,15.44765147757023
1336,2665,99117,37,103.26,647.65625543,97934,-186.99155020206533,0.0003404733333333333,0.03706327171877344,-2.0098879229515156,15.372223204754768
1340,2676,99519,37,103.09,639.8230183800001,98414,-189.20828071681933,0.00033727333333333334,0.036911033607762433,-0.08998868246188109,15.281832135956863
1344,2690,99990,37,102.61,646.1375539200001,98904,-187.9805679321289,0.00033400666666666667,0.03659488260746002,-0.5229986192474902,15.196543042088898
1348,2704,100494,37,102.77,650.92357961,99389,-187.01431321606194,0.00033077333333333335,0.03632407343571948,-0.8708740018077732,14.805873546403708
1352,2716,100921,37,102.39,658.8911745999999,99810,-184.9272470185251,0.00032796666666666665,0.0362610597201068,-2.113675762908627,14.572984599103831
1356,2728,101432,37,103.84,676.05133426,100219,-182.92642534044055,0.00032523999999999997,0.03643355584806866,-0.6945667545000712,14.543687025705973
1360,2747,101992,37,105.65,677.5924638099999,100864,-181.2906222734295,0.00032094000000000003,0.03576178259414728,-0.018887903846678187,13.404942356172155
1364,2759,102363,37,104.85,671.1645851,101285,-179.24563563147257,0.0003181333333333334,0.03514763357680897,1.238161859817283,13.882915507915408
1368,2768,102658,37,103.87,659.12668795,101592,-176.18403468412512,0.0003160866666666666,0.035126667469739914,-0.520514949279673,13.71075062190785
1372,2777,102988,37,103.05,648.2262665600001,101909,-178.7593464570887,0.0003139733333333333,0.035255803606089424,-0.4485930709277882,13.335744296803194
1376,2788,103357,37,102.31,651.8623769000001,102286,-177.42778982030282,0.00031145999999999995,0.03499642047699135,-0.5950974456154474,14.634377961111541
1380,2798,103790,37,103.11,658.7189715999999,102651,-176.2695644869663,0.0003090266666666667,0.035009933838454806,1.402601927813917,13.52950671167657
1384,2814,104343,37,105.2,663.22469,103225,-178.79430603713132,0.00030520000000000005,0.035261040197664434,-1.4158987911899439,13.75221561581901
1388,2827,104788,37,106.45,665.47617065,103682,-181.64382406929943,0.00030215333333333337,0.0354603904290734,-0.6393378627634494,14.399775112900778
1392,2838,105162,37,106.73,665.40072436,104070,-177.9383888646176,0.00029956666666666667,0.035663782883631555,-0.38724511799059413,15.131102953459088
1396,2850,105580,37,107.06,668.37610663,104510,-179.92809712727865,0.0002966333333333333,0.03628223811586698,-0.5714041455586751,15.080506381988526
1400,2860,105928,37,106.92,667.82290793,104825,-180.2576214754129,0.0002945333333333333,0.036149037978317165,0.9670023480548134,17.153777363934093
1404,2875,106439,37,107.91,667.2661999,105373,-179.89137392911044,0.00029088000000000003,0.03655170693316243,-0.15053143961863083,16.754392190413043
1408,2889,106972,37,108.37,665.3817840999999,105842,-183.1479442889874,0.0002877533333333333,0.03631761624262883,-1.1241919182814084,16.467068833571215
1412,2902,107458,37,108.94,661.8618098599999,106348,-183.4298849105835,0.00028438,0.03702236062963493,1.8789311377331614,16.83468885719776
